title,price,brand,rating,num_reviews,product_url,image_url
Ace Elec 14.1'' Intel(R)Pentium(R) CPU N3700 16GB+128GB - Silver,"₦ 220,442",Ace Elec,3.7 out of 5,(83 verified ratings),https://www.jumia.com.ng/ace-elec-14.1-intelrpentiumr-cpu-n3700-16gb128gb-silver-369784891.html,https://ng.jumia.is/unsafe/fit-in/300x300/filters:fill(white)/product/19/8487963/1.jpg?3957
Macbook PRO Laptop A1278 13.3 Inch Core I5 2.5GHz 8GB RAM 500GB EN/AR Keyboard,"₦ 191,680",Renewed,3.6 out of 5,(28 verified ratings),https://www.jumia.com.ng/renewed-macbook-pro-laptop-a1278-13.3-inch-core-i5-2.5ghz-8gb-ram-500gb-enar-keyboard-396858845.html,https://ng.jumia.is/unsafe/fit-in/300x300/filters:fill(white)/product/54/8858693/1.jpg?9433
"Blueing 15.6"" Laptop J4125 8GB+256GB SSD Student Portable Computer","₦ 232,580",Blueing,4 out of 5,(56 verified ratings),https://www.jumia.com.ng/blueing-15.6-laptop-j4125-8gb256gb-ssd-student-portable-computer-374170801.html,https://ng.jumia.is/unsafe/fit-in/300x300/filters:fill(white)/product/10/8071473/1.jpg?3436
Hp EliteBook 840 G7 10th Gen Intel Core I5 Touchscreen 16GB RAM/512GB SSD Win 11 Pro,"₦ 538,000",Hp,4.1 out of 5,(45 verified ratings),https://www.jumia.com.ng/elitebook-840-g6-intel-core-i5-16gb-ram512gb-ssdbacklit-keyboardfp-reader-windows-11-pro-bag-hp-mpg4091619.html,https://ng.jumia.is/unsafe/fit-in/300x300/filters:fill(white)/product/38/6886101/1.jpg?4916
Hp Stream 11 Pro Intel Celeron 4GB RAM- 64GB HDD WIN 10+ BAG,"₦ 145,000",Hp,3.8 out of 5,(13 verified ratings),https://www.jumia.com.ng/hp-stream-11-pro-intel-celeron-4gb-ram-64gb-hdd-win-10-bag-401593421.html,https://ng.jumia.is/unsafe/fit-in/300x300/filters:fill(white)/product/12/4395104/1.jpg?3484
Hp Stream 11 Laptop- Intel Celeron - 64GB SSD 4GB RAM Windows 10 PRO +USB Light For Keyboard,"₦ 200,000",Hp,0 out of 5,,https://www.jumia.com.ng/hp-stream-11-laptop-intel-celeron-64gb-ssd-4gb-ram-windows-10-pro-usb-light-for-keyboard-362298208.html,https://ng.jumia.is/unsafe/fit-in/300x300/filters:fill(white)/product/80/2892263/1.jpg?2395
Hp 15 INTEL CELERON N100 UP TO 3.0GHZ 8GB RAM 256GB SSD WINS 11,"₦ 378,000",Hp,0 out of 5,,https://www.jumia.com.ng/hp-15-intel-celeron-n100-up-to-3.0ghz-8gb-ram-256gb-ssd-wins-11-403944759.html,https://ng.jumia.is/unsafe/fit-in/300x300/filters:fill(white)/product/95/7449304/1.jpg?0339
Hp ProBook 11 X360- TOUCH- 256GB SSD/4GB RAM-Intel CELERON QUAD CORE WIN10 Pro +Mouse &USB Light,"₦ 260,000",Hp,4.4 out of 5,(33 verified ratings),https://www.jumia.com.ng/probook-11-x360-touch-256gb-ssd4gb-ram-intel-celeron-quad-core-win10-pro-mouse-usb-light-hp-mpg7658764.html,https://ng.jumia.is/unsafe/fit-in/300x300/filters:fill(white)/product/28/6359143/1.jpg?2851
"DELL Latitude 7480 Intel Core I5, Keyboard Backlit, 8GB RAM, 256GB SSD Windows 11","₦ 400,000",DELL,3.8 out of 5,(19 verified ratings),https://www.jumia.com.ng/latitude-3160-touchscreen-intel-celeron-128gb-ssd-4gb-ram-wins-10-keyboard-flash-light-dell-mpg3400513.html,https://ng.jumia.is/unsafe/fit-in/300x300/filters:fill(white)/product/98/3105152/1.jpg?7423
Hp STREAM 11 LAPTOP- CELERON-64GB 4D 4GB RAM Windows 10 PRO+ & USB Light For Keyboard,"₦ 150,000",Hp,4.3 out of 5,(27 verified ratings),https://www.jumia.com.ng/stream-11-laptop-celeron-64gb-4d-4gb-ram-windows-10-pro-usb-light-for-keyboard-hp-mpg9581171.html,https://ng.jumia.is/unsafe/fit-in/300x300/filters:fill(white)/product/02/2716553/1.jpg?5505
Hp  ProBook 11 X360-TOUCHSCREEN Intel Celeron 256GB SSD-4GB RAM WINDOWS10 Pro,"₦ 195,000",Hp,4 out of 5,(2 verified ratings),https://www.jumia.com.ng/hp-probook-11-x360-touchscreen-intel-celeron-256gb-ssd-4gb-ram-windows10-pro-398122324.html,https://ng.jumia.is/unsafe/fit-in/300x300/filters:fill(white)/product/42/3221893/1.jpg?4105
"Blueing 14"" Laptop N3350 6GB+192GB SSD Portable Computer Student Pc","₦ 222,359",Blueing,4.1 out of 5,(55 verified ratings),https://www.jumia.com.ng/blueing-14-laptop-n3350-6gb192gb-ssd-portable-computer-student-pc-374179541.html,https://ng.jumia.is/unsafe/fit-in/300x300/filters:fill(white)/product/14/5971473/1.jpg?4360
"DELL Latitude 3190 2in1 TOUCHSCREEN, INTEL PENTIUM 128GB SSD 8GB WIN 10 & WITH USB LIGHT","₦ 215,000",DELL,5 out of 5,(2 verified ratings),https://www.jumia.com.ng/dell-latitude-3190-2in1-touchscreen-intel-pentium-128gb-ssd-8gb-win-10-with-usb-light-401608031.html,https://ng.jumia.is/unsafe/fit-in/300x300/filters:fill(white)/product/13/0806104/1.jpg?3906
DAIRUAN 14 Inch Laptop Set N3350 6GB RAM 128GB SSD Ultra Thin Lightweight Business Office Portable Student Computer,"₦ 219,800",DAIRUAN,5 out of 5,,https://www.jumia.com.ng/dairuan-14-inch-laptop-set-n3350-6gb-ram-128gb-ssd-ultra-thin-lightweight-business-office-portable-student-computer-412495013.html,https://ng.jumia.is/unsafe/fit-in/300x300/filters:fill(white)/product/31/0594214/1.jpg?6102
Hp ProBook 11 X360- TOUCH- 256GB SSD/4GB RAM +Mouse &USB Light,"₦ 250,000",Hp,3.9 out of 5,(59 verified ratings),https://www.jumia.com.ng/hp-probook-11-x360-touch-256gb-ssd4gb-ram-mouse-usb-light-23039283.html,https://ng.jumia.is/unsafe/fit-in/300x300/filters:fill(white)/product/38/293032/1.jpg?7046
Hp Stream 11 - Intel Celeron- Education Edition - 4GB RAM - 64GB HDD Windows 10 Pro+ Keyboard USB Light,"₦ 180,000",Hp,4 out of 5,(9 verified ratings),https://www.jumia.com.ng/hp-stream-11-intel-celeron-education-edition-4gb-ram-64gb-hdd-windows-10-pro-keyboard-usb-light-306844738.html,https://ng.jumia.is/unsafe/fit-in/300x300/filters:fill(white)/product/83/7448603/1.jpg?3935
Hp Stream 11 Laptop- Intel Celeron - 64GB SSD 4GB RAM Windows 10 PRO+ Mouse & USB Light For Keyboard,"₦ 140,000",Hp,3.7 out of 5,(15 verified ratings),https://www.jumia.com.ng/hp-stream-11-laptop-intel-celeron-64gb-ssd-4gb-ram-windows-10-pro-mouse-usb-light-for-keyboard-23038486.html,https://ng.jumia.is/unsafe/fit-in/300x300/filters:fill(white)/product/68/483032/1.jpg?3853
Hp Stream 11 Laptop- Intel Celeron - 64GB SSD 4GB RAM Windows 10 PRO+ Mouse & USB Light For Keyboard,"₦ 140,000",Hp,0 out of 5,,https://www.jumia.com.ng/hp-stream-11-laptop-intel-celeron-64gb-ssd-4gb-ram-windows-10-pro-mouse-usb-light-for-keyboard-411830553.html,https://ng.jumia.is/unsafe/fit-in/300x300/filters:fill(white)/product/35/5038114/1.jpg?3812
DELL Latitude 3190  Intel Celeron-128gb SSD/4gb RAM Wind10ro Pouch Mouse,"₦ 162,000",DELL,4.7 out of 5,(6 verified ratings),https://www.jumia.com.ng/dell-latitude-3190-intel-celeron-128gb-ssd4gb-ram-wind10ro-pouch-mouse-404699407.html,https://ng.jumia.is/unsafe/fit-in/300x300/filters:fill(white)/product/70/4996404/1.jpg?4865
Hp ProBook 11 X360- TOUCH Intel Celeron 256GB 4GB RAM WIN10 Pro,"₦ 195,000",Hp,4.1 out of 5,(9 verified ratings),https://www.jumia.com.ng/hp-probook-11-x360-touch-intel-celeron-256gb-4gb-ram-win10-pro-407532717.html,https://ng.jumia.is/unsafe/fit-in/300x300/filters:fill(white)/product/71/7235704/1.jpg?9163
Hp Stream 11 Laptop- Intel Celeron - 64GB SSD 4GB RAM Windows 10 PRO +USB Light For Keyboard,"₦ 170,000",Hp,4 out of 5,(2 verified ratings),https://www.jumia.com.ng/hp-stream-11-laptop-intel-celeron-64gb-ssd-4gb-ram-windows-10-pro-usb-light-for-keyboard-362798981.html,https://ng.jumia.is/unsafe/fit-in/300x300/filters:fill(white)/product/18/9897263/1.jpg?9540
Hp Notebook 11 Pro G5 TOUCHSCREEN-512GB SSD 4GB RAM- Intel Celeron - Windows 10 Pro + Bag,"₦ 295,000",Hp,4.7 out of 5,(7 verified ratings),https://www.jumia.com.ng/hp-notebook-11-pro-g5-touchscreen-512gb-ssd-4gb-ram-intel-celeron-windows-10-pro-bag-253528618.html,https://ng.jumia.is/unsafe/fit-in/300x300/filters:fill(white)/product/81/6825352/1.jpg?1534
"DELL Latitude 7480 Intel Core i5, Keyboard Backlit, 8GB RAM, 256GB SSD, Windows 11 + MOUSE","₦ 350,000",DELL,2.8 out of 5,(4 verified ratings),https://www.jumia.com.ng/dell-latitude-7480-intel-core-i5-keyboard-backlit-8gb-ram-256gb-ssd-windows-11-mouse-403038900.html,https://ng.jumia.is/unsafe/fit-in/300x300/filters:fill(white)/product/00/9830304/1.jpg?9947
Hp EliteBook 840 G7 Intel Core I5 Touchscreen 16GB RAM/1TB SSD/Backlit Keyboard/FP Win 11 Pro,"₦ 580,000",Hp,4.1 out of 5,(54 verified ratings),https://www.jumia.com.ng/hp-elitebook-840-g7-intel-core-i5-touchscreen-16gb-ram1tb-ssdbacklit-keyboardfp-win-11-pro-295793877.html,https://ng.jumia.is/unsafe/fit-in/300x300/filters:fill(white)/product/77/8397592/1.jpg?9343
DELL Latitude 5300 TOUCHSCREEN Intel Core i5-512GB SSD/16GB RAM BACKLIGHT KEYBOARD/WIN 11 PRO+ BAG,"₦ 440,000",DELL,3.5 out of 5,(6 verified ratings),https://www.jumia.com.ng/dell-latitude-5300-touchscreen-intel-core-i5-512gb-ssd16gb-ram-backlight-keyboardwin-11-pro-bag-230116184.html,https://ng.jumia.is/unsafe/fit-in/300x300/filters:fill(white)/product/48/1611032/1.jpg?8752
Hp Chromebook 11 G5 Intel Celeron 16GB eMMC 4GB RAM Windows 10 Pro + Flash,"₦ 150,000",Hp,3.6 out of 5,(5 verified ratings),https://www.jumia.com.ng/hp-chromebook-11-g5-intel-celeron-16gb-emmc-4gb-ram-windows-10-pro-flash-401726250.html,https://ng.jumia.is/unsafe/fit-in/300x300/filters:fill(white)/product/05/2627104/1.jpg?5911
DELL Latitude 7490 512GB SSD/16GB RAM/ Intel Core I5/ BACKLIGHT KEYBOARD-WIN 11PRO+BAG,"₦ 430,000",DELL,5 out of 5,(3 verified ratings),https://www.jumia.com.ng/dell-latitude-7490-512gb-ssd16gb-ram-intel-core-i5-backlight-keyboard-win-11probag-310726219.html,https://ng.jumia.is/unsafe/fit-in/300x300/filters:fill(white)/product/91/2627013/1.jpg?2310
"Hp CHROMEBOOK 11 , INTEL CELERON, 4GB RAM,16GB EMMC + FLASH","₦ 105,000",Hp,0 out of 5,,https://www.jumia.com.ng/hp-chromebook-11-intel-celeron-4gb-ram16gb-emmc-flash-404631342.html,https://ng.jumia.is/unsafe/fit-in/300x300/filters:fill(white)/product/24/3136404/1.jpg?0595
"Hp 15 VICTUS GAMING, 12TH GEN INTEL CORE I5, 16GB RAM, 512GB SSD NVIDIA RTX 2050 (4GB) WINS 11","₦ 1,170,000",Hp,4.7 out of 5,(18 verified ratings),https://www.jumia.com.ng/hp-15-victus-gaming-12th-gen-intel-core-i5-16gb-ram-512gb-ssd-nvidia-rtx-2050-4gb-wins-11-267747978.html,https://ng.jumia.is/unsafe/fit-in/300x300/filters:fill(white)/product/87/9747762/1.jpg?5229
Hp EliteBook 840 G5 TOUCHSCREEN Core I7-16GB RAM/1TB SSD/Backlit Keyboard/FP Reader WIN 11 Pro+BAG,"₦ 714,800",Hp,4.7 out of 5,(11 verified ratings),https://www.jumia.com.ng/hp-elitebook-840-g5-touchscreen-core-i7-16gb-ram1tb-ssdbacklit-keyboardfp-reader-win-11-probag-260416723.html,https://ng.jumia.is/unsafe/fit-in/300x300/filters:fill(white)/product/32/7614062/1.jpg?2251
Hp VICTUS 15 GAMING 13TH GEN INTEL CORE I5 16GB RAM 512GB SSD RTX 4050 (6GB),"₦ 1,420,000",Hp,5 out of 5,,https://www.jumia.com.ng/hp-victus-15-gaming-13th-gen-intel-core-i5-16gb-ram-512gb-ssd-rtx-4050-6gb-401754409.html,https://ng.jumia.is/unsafe/fit-in/300x300/filters:fill(white)/product/90/4457104/1.jpg?6527
"DELL LATITUDE 3190 2in1 X360 INTEL PENTIUM, 4GB RAM,128GB SSD TOUCHSCREEN WIN10 Pro","₦ 195,000",DELL,5 out of 5,(3 verified ratings),https://www.jumia.com.ng/dell-latitude-3190-2in1-x360-intel-pentium-4gb-ram128gb-ssd-touchscreen-win10-pro-407546224.html,https://ng.jumia.is/unsafe/fit-in/300x300/filters:fill(white)/product/42/2645704/1.jpg?3623
Hp Stream 11 LAPTOP Intel Celeron - 64GB SSD 4GB RAM Windows 10,"₦ 138,000",Hp,4 out of 5,,https://www.jumia.com.ng/hp-stream-11-laptop-intel-celeron-64gb-ssd-4gb-ram-windows-10-407452388.html,https://ng.jumia.is/unsafe/fit-in/300x300/filters:fill(white)/product/88/3254704/1.jpg?3440
Hp ProBook 11 X360- TOUCH- 512GB SSD/4GB RAM-Intel CELERON QUAD CORE WIN10 Pro +Mouse &USB Light,"₦ 250,000",Hp,3.5 out of 5,(4 verified ratings),https://www.jumia.com.ng/hp-probook-11-x360-touch-512gb-ssd4gb-ram-intel-celeron-quad-core-win10-pro-mouse-usb-light-401593647.html,https://ng.jumia.is/unsafe/fit-in/300x300/filters:fill(white)/product/74/6395104/1.jpg?9005
DELL  Latitude 5300 TOUCHSCREEN Intel Core I5/512GB SSD 16GB RAM/BACKLIGHT KEYBOARD-WIN 11PRO+BAG,"₦ 440,000",DELL,3.6 out of 5,(8 verified ratings),https://www.jumia.com.ng/dell-latitude-5300-touchscreen-intel-core-i5512gb-ssd-16gb-rambacklight-keyboard-win-11probag-408176071.html,https://ng.jumia.is/unsafe/fit-in/300x300/filters:fill(white)/product/17/0671804/1.jpg?5654
Hp ELITEBOOK X360 1030 G2 TOUCHSCREEN CORE I5 8GB RAM/ 1TB SSD BACKLIT KEYBOARD FP READER WIN 11 PRO,"₦ 620,000",Hp,4.3 out of 5,(15 verified ratings),https://www.jumia.com.ng/probook11-x360-intel-celeron-512gb-4gbram-windows10mouse-hp-mpg3401178.html,https://ng.jumia.is/unsafe/fit-in/300x300/filters:fill(white)/product/60/5194922/1.jpg?8583
Hp EliteBook 840 G6 TOUCHSCREEN Core I5-16GB RAM/1TB SSD/Backlit Keyboard/Windows 11 Pro+BAG,"₦ 565,000",Hp,3.3 out of 5,(12 verified ratings),https://www.jumia.com.ng/hp-elitebook-840-g6-touchscreen-core-i5-16gb-ram1tb-ssdbacklit-keyboardwindows-11-probag-289080727.html,https://ng.jumia.is/unsafe/fit-in/300x300/filters:fill(white)/product/72/7080982/1.jpg?3106
"DELL LATITUDE 3190, INTEL CELERON,4GB RAM,256GB SSD","₦ 178,000",DELL,4 out of 5,,https://www.jumia.com.ng/dell-latitude-3190-intel-celeron4gb-ram256gb-ssd-404642996.html,https://ng.jumia.is/unsafe/fit-in/300x300/filters:fill(white)/product/69/9246404/1.jpg?0695
Hp EliteBook 840 G5 TOUCHSCREEN Intel Core I7-16GB RAM/1TB SSD/ Backlit Keyboard/Windows11 Pro+BAG,"₦ 650,000",Hp,4.4 out of 5,(30 verified ratings),https://www.jumia.com.ng/elitebook-845-g8-ryzen-5-pro-5650uamd-2.3-16gb-ram512gb-ssd-win-11-probag-hp-mpg7125570.html,https://ng.jumia.is/unsafe/fit-in/300x300/filters:fill(white)/product/62/1193032/1.jpg?8108
Hp Stream 11 Intel Celeron D/C 4GB RAM- 64GB HDD WIN 10,"₦ 130,000",Hp,1 out of 5,,https://www.jumia.com.ng/hp-stream-11-intel-celeron-dc-4gb-ram-64gb-hdd-win-10-407383693.html,https://ng.jumia.is/unsafe/fit-in/300x300/filters:fill(white)/product/39/6383704/1.jpg?1805
Hp Stream 11 Laptop- Intel Celeron - 64GB SSD 4GB RAM Windows 10 PRO+ Mouse & USB Light For Keyboard,"₦ 250,000",Hp,3.3 out of 5,(17 verified ratings),https://www.jumia.com.ng/stream-11-laptop-intel-celeron-64gb-ssd-4gb-ram-windows-10-pro-mouse-usb-light-for-keyboard-hp-mpg9920888.html,https://ng.jumia.is/unsafe/fit-in/300x300/filters:fill(white)/product/75/6916433/1.jpg?5966
Hp  Stream 11 Laptop- Touchscreen - Intel Celeron - 128GB SSD 4GB RAM Windows 10 PRO+ USB Light For Keyboard,"₦ 188,000",Hp,0 out of 5,,https://www.jumia.com.ng/hp-stream-11-laptop-touchscreen-intel-celeron-128gb-ssd-4gb-ram-windows-10-pro-usb-light-for-keyboard-411946645.html,https://ng.jumia.is/unsafe/fit-in/300x300/filters:fill(white)/product/54/6649114/1.jpg?9696
Hp STREAM 11 LAPTOP- CELERON-64GB 4D 4GB RAM Windows 10 PRO+ & USB Light For Keyboard,"₦ 150,000",Hp,3.7 out of 5,(9 verified ratings),https://www.jumia.com.ng/stream-11-laptop-intel-celeron-64gb-ssd-4gb-ram-windows-10-pro-mouse-usb-light-for-keyboard-hp-mpg6919190.html,https://ng.jumia.is/unsafe/fit-in/300x300/filters:fill(white)/product/64/2919133/1.jpg?6071
Hp Stream 11 Intel Celeron Quad Core - 64GB SSD 4GB RAM Windows 10 PRO+ Mouse &USB Light For Keyboard,"₦ 141,000",Hp,3.9 out of 5,(10 verified ratings),https://www.jumia.com.ng/stream-11-intel-celeron-quad-core-64gb-ssd-4gb-ram-windows-10-pro-mouse-usb-light-for-keyboard-hp-mpg6919499.html,https://ng.jumia.is/unsafe/fit-in/300x300/filters:fill(white)/product/49/7488463/1.jpg?9385
Hp Stream 11 Laptop- Intel Celeron - 64GB SSD 4GB RAM Windows 10 PRO+ Mouse & USB Light For Keyboard,"₦ 145,000",Hp,5 out of 5,,https://www.jumia.com.ng/hp-stream-11-laptop-intel-celeron-64gb-ssd-4gb-ram-windows-10-pro-mouse-usb-light-for-keyboard-387328500.html,https://ng.jumia.is/unsafe/fit-in/300x300/filters:fill(white)/product/00/5823783/1.jpg?3565
"Apple MacBook Pro 16"" Laptop - M3 Pro Chip - 18GB  18-core GPU - 512GB SSD - Space Black","₦ 3,250,000",Apple,4 out of 5,,https://www.jumia.com.ng/apple-macbook-pro-16-laptop-m3-pro-chip-18gb-18-core-gpu-512gb-ssd-space-black-287822641.html,https://ng.jumia.is/unsafe/fit-in/300x300/filters:fill(white)/product/14/6228782/1.jpg?9548
Hp 250 G7 Intel Celeron - 8GB RAM - 1TB HDD - Windows 10 With  Bag,"₦ 320,000",Hp,0 out of 5,,https://www.jumia.com.ng/hp-250-g7-intel-celeron-8gb-ram-1tb-hdd-windows-10-with-bag-409274268.html,https://ng.jumia.is/unsafe/fit-in/300x300/filters:fill(white)/product/86/2472904/1.jpg?3624
"DELL Latitude 7490 Intel Core I5, Keyboard Backlit, 8GB RAM, 256GB SSD Windows 11","₦ 380,000",DELL,4 out of 5,,https://www.jumia.com.ng/dell-latitude-7490-intel-core-i5-keyboard-backlit-8gb-ram-256gb-ssd-windows-11-401562157.html,https://ng.jumia.is/unsafe/fit-in/300x300/filters:fill(white)/product/75/1265104/1.jpg?0327
"Hp EliteBook 840 G6 Intel Core I5 Touchscreen, Face ID 16GB RAM/512 SSD/Backlit Keyboard/FP Win 11 Pro","₦ 520,000",Hp,0 out of 5,,https://www.jumia.com.ng/elitebook-840-g6-intel-core-i5-touchscreen-face-id-16gb-ram512-ssdbacklit-keyboardfp-win-11-pro-hp-mpg10865153.html,https://ng.jumia.is/unsafe/fit-in/300x300/filters:fill(white)/product/97/8851804/1.jpg?5817
DELL Latitude 7490 Intel Core I7- 1TB SSD/16GB RAM BACKLIGHT KEYBOARD/WIN 11 PRO+BAG,"₦ 590,000",DELL,1 out of 5,,https://www.jumia.com.ng/latitude-7490-intel-core-i7-1tb-ssd16gb-ram-backlight-keyboardwin-11-probag-dell-mpg10246633.html,https://ng.jumia.is/unsafe/fit-in/300x300/filters:fill(white)/product/34/9001704/1.jpg?3771
Hp EliteBook 840 G6 Intel Core I5-8GB RAM/512GB SSD/Backlit Keyboard/FP Reader Wins 11 Laptop +BAG,"₦ 485,000",Hp,3.5 out of 5,(11 verified ratings),https://www.jumia.com.ng/hp-elitebook-840-g6-intel-core-i5-8gb-ram512gb-ssdbacklit-keyboardfp-reader-wins-11-laptop-bag-342502423.html,https://ng.jumia.is/unsafe/fit-in/300x300/filters:fill(white)/product/32/4205243/1.jpg?8545
Hp Stream 11 Laptop- Intel Celeron - 64GB SSD 4GB RAM Windows 10 PRO+ Mouse & USB Light For Keyboard,"₦ 145,000",Hp,4 out of 5,(3 verified ratings),https://www.jumia.com.ng/hp-stream-11-laptop-intel-celeron-64gb-ssd-4gb-ram-windows-10-pro-mouse-usb-light-for-keyboard-339483709.html,https://ng.jumia.is/unsafe/fit-in/300x300/filters:fill(white)/product/90/7384933/1.jpg?7072
Hp ProBook 11 X360- Intel Pentium 256GB SSD-TOUCHSCREEN 8GB RAM Windows10 Pro + Laptop Pouch,"₦ 270,000",Hp,3.9 out of 5,(21 verified ratings),https://www.jumia.com.ng/hp-probook-11-x360-intel-pentium-256gb-ssd-touchscreen-8gb-ram-windows10-pro-laptop-pouch-73123338.html,https://ng.jumia.is/unsafe/fit-in/300x300/filters:fill(white)/product/83/332137/1.jpg?8383
Hp Stream 11 Intel Celeron 4GB RAM- 64GB HDD WIN 10+ USB LIGHT FOR KEYBOARD,"₦ 138,000",Hp,5 out of 5,,https://www.jumia.com.ng/hp-stream-11-intel-celeron-4gb-ram-64gb-hdd-win-10-usb-light-for-keyboard-268644414.html,https://ng.jumia.is/unsafe/fit-in/300x300/filters:fill(white)/product/41/4446862/1.jpg?1477
DELL Latitude 7490 TOUCHSCREEN Intel Core I7- 1TB SSD/16GB RAM BACKLIGHT KEYBOARD/WIN 11 PRO+BAG,"₦ 590,000",DELL,4.5 out of 5,(4 verified ratings),https://www.jumia.com.ng/dell-latitude-7490-touchscreen-intel-core-i7-1tb-ssd16gb-ram-backlight-keyboardwin-11-probag-349985578.html,https://ng.jumia.is/unsafe/fit-in/300x300/filters:fill(white)/product/87/5589943/1.jpg?6461
"Apple MacBook Pro 16"" M4 Max 48GB RAM, 1TB - Space Black","₦ 6,499,000",Apple,0 out of 5,,https://www.jumia.com.ng/apple-macbook-pro-16-m4-max-48gb-ram-1tb-space-black-408397533.html,https://ng.jumia.is/unsafe/fit-in/300x300/filters:fill(white)/product/33/5793804/1.jpg?2373
Hp EliteBook 840 G6 TOUCHSCREEN CORE I5 16GB RAM/ 256GB SSD BACKLIT KEYBOARD FP READER WIN 11 PRO,"₦ 489,300",Hp,3 out of 5,(3 verified ratings),https://www.jumia.com.ng/hp-elitebook-840-g6-touchscreen-core-i5-16gb-ram-256gb-ssd-backlit-keyboard-fp-reader-win-11-pro-263942381.html,https://ng.jumia.is/unsafe/fit-in/300x300/filters:fill(white)/product/18/3249362/1.jpg?6896
"DELL Latitude 3190 2in1 TOUCHSCREEN 8GB RAM, INTEL PENTIUM 128GB SSD WIN 10","₦ 210,000",DELL,4 out of 5,(5 verified ratings),https://www.jumia.com.ng/dell-latitude-3190-2in1-touchscreen-8gb-ram-intel-pentium-128gb-ssd-win-10-402558727.html,https://ng.jumia.is/unsafe/fit-in/300x300/filters:fill(white)/product/72/7855204/1.jpg?5049
Hp EliteBook 840 G6 Intel Core I7-32GB RAM/1TB SSD/Backlit/FP Reader Windows 11 Pro + BAG,"₦ 735,000",Hp,4.2 out of 5,(6 verified ratings),https://www.jumia.com.ng/elitebook-840-g6-intel-core-i7-32gb-ram1tb-ssdbacklitfp-reader-windows-11-pro-bag-hp-mpg9621300.html,https://ng.jumia.is/unsafe/fit-in/300x300/filters:fill(white)/product/60/9786104/1.jpg?1865
Hp PROBOOK 11 X360- TOUCHSCREEN Intel PENTIUM 256GB SSD 4GB RAM Windows10 Pro + USB Light For Keyboard,"₦ 230,000",Hp,3 out of 5,(2 verified ratings),https://www.jumia.com.ng/hp-probook-11-x360-touchscreen-intel-pentium-256gb-ssd-4gb-ram-windows10-pro-usb-light-for-keyboard-401683645.html,https://ng.jumia.is/unsafe/fit-in/300x300/filters:fill(white)/product/54/6386104/1.jpg?8505
Hp Stream 11  PRO Laptop- Intel Celeron - 64GB SSD 4GB RAM Windows 10 PRO+ Mouse,"₦ 140,000",Hp,0 out of 5,,https://www.jumia.com.ng/hp-stream-11-pro-laptop-intel-celeron-64gb-ssd-4gb-ram-windows-10-pro-mouse-409332154.html,https://ng.jumia.is/unsafe/fit-in/300x300/filters:fill(white)/product/45/1233904/1.jpg?5448
Hp ProBook 11 X360- TOUCH- 128GB SSD/4GB RAM +Mouse &USB Light,"₦ 200,000",Hp,0 out of 5,,https://www.jumia.com.ng/probook-11-x360-touch-128gb-ssd4gb-ram-mouse-usb-light-hp-mpg10567488.html,https://ng.jumia.is/unsafe/fit-in/300x300/filters:fill(white)/product/95/1255804/1.jpg?3081
DELL Latitude 7490 Intel Core I7/ 512GB SSD 16GB RAM/BACKLIGHT KEYBOARD-WIN 11PRO+BAG,"₦ 550,000",DELL,5 out of 5,(2 verified ratings),https://www.jumia.com.ng/dell-latitude-7490-intel-core-i7-512gb-ssd-16gb-rambacklight-keyboard-win-11probag-310726132.html,https://ng.jumia.is/unsafe/fit-in/300x300/filters:fill(white)/product/23/1627013/1.jpg?2317
Hp Stream 11 Laptop- Intel Celeron - 64GB SSD 4GB RAM Windows 10 PRO+  & USB Light For Keyboard,"₦ 145,000",Hp,0 out of 5,,https://www.jumia.com.ng/hp-stream-11-laptop-intel-celeron-64gb-ssd-4gb-ram-windows-10-pro-usb-light-for-keyboard-412506201.html,https://ng.jumia.is/unsafe/fit-in/300x300/filters:fill(white)/product/10/2605214/1.jpg?6919
Hp EliteBook X360 TOUCH Intel Core I5- 16GB RAM/1TB SSD/Backlit Keyboard/FP Reader Wins 11 Pro +BAG61,"₦ 650,000",Hp,5 out of 5,,https://www.jumia.com.ng/hp-elitebook-x360-touch-intel-core-i5-16gb-ram1tb-ssdbacklit-keyboardfp-reader-wins-11-pro-bag61-412488707.html,https://ng.jumia.is/unsafe/fit-in/300x300/filters:fill(white)/product/70/7884214/1.jpg?4108
Hp CHROMEBOOK 11 INTEL CELERON 4GB RAM 16GB EMMC + 32GB Flash&Mouse,"₦ 105,000",Hp,0 out of 5,,https://www.jumia.com.ng/hp-chromebook-11-intel-celeron-4gb-ram-16gb-emmc-32gb-flashmouse-412712721.html,https://ng.jumia.is/unsafe/fit-in/300x300/filters:fill(white)/product/12/7217214/1.jpg?3327
Hp Stream 11 Pro Intel Celeron 4GB RAM- 64GB HDD WIN 10+ BAG,"₦ 145,000",Hp,0 out of 5,,https://www.jumia.com.ng/hp-stream-11-pro-intel-celeron-4gb-ram-64gb-hdd-win-10-bag-401593424.html,https://ng.jumia.is/unsafe/fit-in/300x300/filters:fill(white)/product/42/4395104/1.jpg?3545
"DELL LATITUDE 3190 2in1 X360 INTEL PENTIUM, 8GB RAM,512GB SSD TOUCHSCREEN WIN 11 + Light","₦ 270,000",DELL,0 out of 5,,https://www.jumia.com.ng/dell-latitude-3190-2in1-x360-intel-pentium-8gb-ram512gb-ssd-touchscreen-win-11-light-414875316.html,https://ng.jumia.is/unsafe/fit-in/300x300/filters:fill(white)/product/61/3578414/1.jpg?2065
"Hp Omen 16 Gaming 13th Gen Intel Core I7 16GB RAM/1TB SSD 16.1"" 6GB Nvidia RTX 4050 WINS 11","₦ 2,500,000",Hp,0 out of 5,,https://www.jumia.com.ng/hp-omen-16-gaming-13th-gen-intel-core-i7-16gb-ram1tb-ssd-16.1-6gb-nvidia-rtx-4050-wins-11-98740300.html,https://ng.jumia.is/unsafe/fit-in/300x300/filters:fill(white)/product/00/304789/1.jpg?1525
DELL Latitude 3190 2in1 Intel Pentium- Touchscreen - 128GB Ssd - 4GB RAM,"₦ 190,000",DELL,4.1 out of 5,(7 verified ratings),https://www.jumia.com.ng/dell-latitude-3190-2in1-intel-pentium-touchscreen-128gb-ssd-4gb-ram-404699372.html,https://ng.jumia.is/unsafe/fit-in/300x300/filters:fill(white)/product/27/3996404/1.jpg?4804
Hp EliteBook 840 G5 TOUCHSCREEN Core I5-16GB RAM/256GB SSD/Backlit Keyboard/FP Reader WIN 11 Pro+BAG,"₦ 493,500",Hp,4.1 out of 5,(17 verified ratings),https://www.jumia.com.ng/hp-elitebook-840-g5-touchscreen-core-i5-16gb-ram256gb-ssdbacklit-keyboardfp-reader-win-11-probag-260415893.html,https://ng.jumia.is/unsafe/fit-in/300x300/filters:fill(white)/product/39/8514062/1.jpg?2207
Hp ProBook 11 X360- TOUCH- 256GB SSD/4GB RAM-Intel CELERON QUAD CORE WIN10 Pro +Mouse &USB Light,"₦ 220,000",Hp,4.5 out of 5,(8 verified ratings),https://www.jumia.com.ng/hp-probook-11-x360-touch-256gb-ssd4gb-ram-intel-celeron-quad-core-win10-pro-mouse-usb-light-79020823.html,https://ng.jumia.is/unsafe/fit-in/300x300/filters:fill(white)/product/32/802097/1.jpg?0288
Hp EliteBook 830 G7- Intel Core i7- TOUCHSCREEN -16GB RAM/1TB SSD/Backlit Key/FP Reader-10TH GEN- Windows 11 Pro+ BAG,"₦ 850,000",Hp,5 out of 5,(2 verified ratings),https://www.jumia.com.ng/hp-elitebook-830-g7-intel-core-i7-touchscreen-16gb-ram1tb-ssdbacklit-keyfp-reader-10th-gen-windows-11-pro-bag-408450360.html,https://ng.jumia.is/unsafe/fit-in/300x300/filters:fill(white)/product/06/3054804/1.jpg?2435
"Apple MacBook Air 13.3"" 8GB/256GB M1 - Space Grey","₦ 1,250,999",Apple,4.8 out of 5,(37 verified ratings),https://www.jumia.com.ng/macbook-air-13.3-8gb256gbm1-processor-space-grey-apple-mpg3400446.html,https://ng.jumia.is/unsafe/fit-in/300x300/filters:fill(white)/product/23/658757/1.jpg?6418
DELL  Latitude 5300 TOUCHSCREEN Core i5/16GB RAM 512GB SSD/BACKLIGHT KEYBOARD/WIN 11 PRO+BAG,"₦ 440,000",DELL,4.6 out of 5,(9 verified ratings),https://www.jumia.com.ng/dell-latitude-5300-touchscreen-core-i516gb-ram-512gb-ssdbacklight-keyboardwin-11-probag-257320939.html,https://ng.jumia.is/unsafe/fit-in/300x300/filters:fill(white)/product/93/9023752/1.jpg?8030
"Msi TITAN 18 HX AI, A2XWJG-614US ULTRA 9, 6TB SSD, 64GB RAM, 24GB NVIDIA GeForce RTX 5090","₦ 8,600,000",Msi,0 out of 5,,https://www.jumia.com.ng/msi-titan-18-hx-ai-a2xwjg-614us-ultra-9-6tb-ssd-64gb-ram-24gb-nvidia-geforce-rtx-5090-416587550.html,https://ng.jumia.is/unsafe/fit-in/300x300/filters:fill(white)/product/05/5785614/1.jpg?8889
DELL Latitude 5300 TOUCHSCREEN Intel Core I5/256GB SSD 16GB RAM/BACKLIGHT KEYBOARD-WIN 11PRO+BAG,"₦ 400,000",DELL,0 out of 5,,https://www.jumia.com.ng/dell-latitude-5300-touchscreen-intel-core-i5256gb-ssd-16gb-rambacklight-keyboard-win-11probag-418029974.html,https://ng.jumia.is/unsafe/fit-in/300x300/filters:fill(white)/product/47/9920814/1.jpg?4603
Hp  EliteBook 840 G6 Intel Core I5-16GB RAM/512GB SSD/Backlit Keyboard/FP Reader Wins 11 Pro Laptop+BAG,"₦ 505,000",Hp,0 out of 5,,https://www.jumia.com.ng/elitebook-840-g6-intel-core-i5-16gb-ram512gb-ssdbacklit-keyboardfp-reader-wins-11-pro-laptopbag-hp-mpg8867966.html,https://ng.jumia.is/unsafe/fit-in/300x300/filters:fill(white)/product/63/6825393/1.jpg?0800
Hp Stream 11 Laptop- Intel Celeron - 64GB SSD 4GB RAM Windows 10 PRO +USB Light For Keyboard,"₦ 140,000",Hp,5 out of 5,,https://www.jumia.com.ng/stream-11-laptop-intel-celeron-64gb-ssd-4gb-ram-windows-10-pro-usb-light-for-keyboard-hp-mpg10871401.html,https://ng.jumia.is/unsafe/fit-in/300x300/filters:fill(white)/product/62/1255804/1.jpg?3081
Hp EliteBook 840 G6 Intel Core I5-8GB RAM/512GB SSD/Backlit Keyboard/FP Reader Wins 11 Laptop +BAG,"₦ 485,000",Hp,3.8 out of 5,(5 verified ratings),https://www.jumia.com.ng/elitebook-840-g6-intel-core-i5-8gb-ram512gb-ssdbacklit-keyboardfp-reader-wins-11-laptop-bag-hp-mpg6916151.html,https://ng.jumia.is/unsafe/fit-in/300x300/filters:fill(white)/product/28/7331443/1.jpg?4075
Hp EliteBook 845 G7 - Ryzen 5 Pro 4650U/AMD 2.3 - 16GB RAM/512GB SSD WIN 11 PRO+BAG,"₦ 490,000",Hp,0 out of 5,,https://www.jumia.com.ng/elitebook-845-g7-ryzen-5-pro-4650uamd-2.3-16gb-ram512gb-ssd-win-11-probag-hp-mpg11347390.html,https://ng.jumia.is/unsafe/fit-in/300x300/filters:fill(white)/product/63/8387514/1.jpg?3441
DELL Latitude 7490 Core I7/ 32GB RAM 1TB SSD/BACKLIGHT KEYBOARD/WIN 11PRO+BAG,"₦ 755,000",DELL,3.8 out of 5,(9 verified ratings),https://www.jumia.com.ng/dell-latitude-7490-core-i7-32gb-ram-1tb-ssdbacklight-keyboardwin-11probag-270594558.html,https://ng.jumia.is/unsafe/fit-in/300x300/filters:fill(white)/product/85/5495072/1.jpg?3744
"DELL Latitude 7480 Intel Core I5, Keyboard Backlit, 16GB RAM, 256GB SSD Windows 11","₦ 380,000",DELL,4.7 out of 5,(3 verified ratings),https://www.jumia.com.ng/dell-latitude-7480-intel-core-i5-keyboard-backlit-16gb-ram-256gb-ssd-windows-11-403043567.html,https://ng.jumia.is/unsafe/fit-in/300x300/filters:fill(white)/product/76/5340304/1.jpg?2826
Hp  probook x360 Intel Core i5 8GB RAM 256GB SSDwin11 pro,"₦ 300,000",Hp,3.5 out of 5,(2 verified ratings),https://www.jumia.com.ng/hp-probook-x360-intel-core-i5-8gb-ram-256gb-ssdwin11-pro-407618552.html,https://ng.jumia.is/unsafe/fit-in/300x300/filters:fill(white)/product/25/5816704/1.jpg?6666
"DELL Latitude 7490 Intel Core I5, KEYBOARD BACKLIT, 256GB, SSD 8GB RAM Windows 11","₦ 375,000",DELL,5 out of 5,,https://www.jumia.com.ng/dell-latitude-7490-intel-core-i5-keyboard-backlit-256gb-ssd-8gb-ram-windows-11-402561895.html,https://ng.jumia.is/unsafe/fit-in/300x300/filters:fill(white)/product/59/8165204/1.jpg?5225
Hp ProBook 11 X360- TOUCH- 512GB SSD/4GB RAM-Intel CELERON QUAD CORE WIN10 Pro +Mouse &USB Light,"₦ 250,000",Hp,4 out of 5,(4 verified ratings),https://www.jumia.com.ng/hp-probook-11-x360-touch-512gb-ssd4gb-ram-intel-celeron-quad-core-win10-pro-mouse-usb-light-353218887.html,https://ng.jumia.is/unsafe/fit-in/300x300/filters:fill(white)/product/78/8812353/1.jpg?3351
"DELL LATITUDE 3190 2in1 X360 INTEL PENTIUM, 8GB RAM,128GB SSD TOUCHSCREEN WIN 11 + Light","₦ 220,000",DELL,4 out of 5,,https://www.jumia.com.ng/dell-latitude-3190-2in1-x360-intel-pentium-8gb-ram128gb-ssd-touchscreen-win-11-light-317946567.html,https://ng.jumia.is/unsafe/fit-in/300x300/filters:fill(white)/product/76/5649713/1.jpg?5715
Hp EliteBook 840 G6 Intel Core I5-8GB RAM-256GB SSD-Backlit Keyboard 11 Pro+BAG,"₦ 428,300",Hp,5 out of 5,,https://www.jumia.com.ng/hp-elitebook-840-g6-intel-core-i5-8gb-ram-256gb-ssd-backlit-keyboard-11-probag-366691733.html,https://ng.jumia.is/unsafe/fit-in/300x300/filters:fill(white)/product/33/7196663/1.jpg?1667
DELL Latitude 5400 TOUCHSCREEN Intel Core I5/256GB SSD 16GB RAM/BACKLIGHT KEYBOARD-WIN 11PRO+BAG,"₦ 410,000",DELL,4.8 out of 5,(4 verified ratings),https://www.jumia.com.ng/dell-latitude-5400-touchscreen-intel-core-i5256gb-ssd-16gb-rambacklight-keyboard-win-11probag-403954315.html,https://ng.jumia.is/unsafe/fit-in/300x300/filters:fill(white)/product/51/3459304/1.jpg?7692
Hp ProBook 11 X360 INTEL CELERON TOUCHSCREEN- 256GB SSD/4GB RAM,"₦ 190,000",Hp,0 out of 5,,https://www.jumia.com.ng/hp-probook-11-x360-intel-celeron-touchscreen-256gb-ssd4gb-ram-407372266.html,https://ng.jumia.is/unsafe/fit-in/300x300/filters:fill(white)/product/66/2273704/1.jpg?2996
Hp ELITEBOOK X360 1040 G8 11th GEN TOUCHSCREEN Intel Core I7-16GB RAM/512GB SSD/BACKLIGHT KEYBOARD/WIN11 PRO+BAG,"₦ 950,000",Hp,0 out of 5,,https://www.jumia.com.ng/elitebook-x360-1040-g7-touchscreen-intelcore-i7-16gb-ram512gb-ssdbacklight-keyboardwin11-probag-hp-mpg7508833.html,https://ng.jumia.is/unsafe/fit-in/300x300/filters:fill(white)/product/00/1321073/1.jpg?1885
Hp  ProBook 11 X360- TOUCH- 512GB SSD/4GB RAM-Intel CELERON QUAD CORE WIN10 Pro +Mouse &USB Light,"₦ 230,000",Hp,0 out of 5,,https://www.jumia.com.ng/hp-probook-11-x360-touch-512gb-ssd4gb-ram-intel-celeron-quad-core-win10-pro-mouse-usb-light-400892707.html,https://ng.jumia.is/unsafe/fit-in/300x300/filters:fill(white)/product/70/7298004/1.jpg?1105
Hp ProBook 11 X360- TOUCH Intel Celeron 128GB 4GB RAM WIN10 Pro+Bag,"₦ 195,000",Hp,0 out of 5,,https://www.jumia.com.ng/hp-probook-11-x360-touch-intel-celeron-128gb-4gb-ram-win10-probag-230855992.html,https://ng.jumia.is/unsafe/fit-in/300x300/filters:fill(white)/product/29/9558032/1.jpg?9503
Hp ProBook 11 X360- TOUCH- 128GB SSD/4GB RAM-Intel CELERON QUAD CORE WIN10 Pro +Mouse &USB Light,"₦ 189,000",Hp,4.3 out of 5,(6 verified ratings),https://www.jumia.com.ng/probook-11-x360-touch-128gb-ssd4gb-ram-intel-celeron-quad-core-win10-pro-mouse-usb-light-hp-mpg7659161.html,https://ng.jumia.is/unsafe/fit-in/300x300/filters:fill(white)/product/90/8703631/1.jpg?8792
DELL LATITUDE 3190 INTEL CELERON 4GB RAM 128GB SSD Pouch,"₦ 167,000",DELL,0 out of 5,,https://www.jumia.com.ng/dell-latitude-3190-intel-celeron-4gb-ram-128gb-ssd-pouch-404642933.html,https://ng.jumia.is/unsafe/fit-in/300x300/filters:fill(white)/product/33/9246404/1.jpg?4839
"DELL LATITUDE 3190 2in1 X360 INTEL PENTIUM, 8GB RAM,512GB SSD TOUCHSCREEN WIN 11 + Light","₦ 260,000",DELL,4 out of 5,(2 verified ratings),https://www.jumia.com.ng/dell-latitude-3190-2in1-x360-intel-pentium-8gb-ram512gb-ssd-touchscreen-win-11-light-414862329.html,https://ng.jumia.is/unsafe/fit-in/300x300/filters:fill(white)/product/92/3268414/1.jpg?7416
DELL Latitude 7490 Intel Core I5- 16GB RAM/512GB SSD BACKLIGHT KEYBOARD/WIN 11 PRO+BAG,"₦ 430,000",DELL,4.1 out of 5,(14 verified ratings),https://www.jumia.com.ng/latitude-7490-intel-core-i5-16gb-ram512gb-ssd-backlight-keyboardwin-11-probag-dell-mpg4679874.html,https://ng.jumia.is/unsafe/fit-in/300x300/filters:fill(white)/product/71/7917963/1.jpg?5586
Hp Stream 11 Pro G5 Touchscreen Intel Celeron 128GB SSD 4GB DDR4 RAM Windows 10 Pro + Bag,"₦ 175,000",Hp,5 out of 5,,https://www.jumia.com.ng/hp-stream-11-pro-g5-touchscreen-intel-celeron-128gb-ssd-4gb-ddr4-ram-windows-10-pro-bag-407568847.html,https://ng.jumia.is/unsafe/fit-in/300x300/filters:fill(white)/product/74/8865704/1.jpg?9636
Hp EliteBook 840 G5 Intel Core I5-16GB RAM-256GB SSD-Backlit Keyboard 11 Pro+BAG,"₦ 465,000",Hp,4.3 out of 5,(18 verified ratings),https://www.jumia.com.ng/hp-elitebook-840-g5-intel-core-i5-16gb-ram-256gb-ssd-backlit-keyboard-11-probag-260415631.html,https://ng.jumia.is/unsafe/fit-in/300x300/filters:fill(white)/product/13/6514062/1.jpg?5207
DELL Latitude 7390 TOUCHSCREEN Intel Core I5- 16GB RAM/512GB SSD BACKLIGHT KEYBOARD/WIN 11 PRO+BAG,"₦ 430,000",DELL,3.8 out of 5,(4 verified ratings),https://www.jumia.com.ng/dell-latitude-7390-touchscreen-intel-core-i5-16gb-ram512gb-ssd-backlight-keyboardwin-11-probag-369719729.html,https://ng.jumia.is/unsafe/fit-in/300x300/filters:fill(white)/product/92/7917963/1.jpg?9706
"Hp VICTUS Gaming laptop 15- fa2701wm – Intel core i5-13420H, 13TH Generation, 512GB SSD, 16GB RAM,15.6” FHD RTX 4050 Windows 11 Home","₦ 1,500,000",Hp,5 out of 5,,https://www.jumia.com.ng/hp-victus-gaming-laptop-15-fa2701wm-intel-core-i5-13420h-13th-generation-512gb-ssd-16gb-ram15.6-fhd-rtx-4050-windows-11-home-415146843.html,https://ng.jumia.is/unsafe/fit-in/300x300/filters:fill(white)/product/34/8641514/1.jpg?0270
DELL Latitude 5400 TOUCHSCREEN Intel Core i5 256GB SSD 16GB RAM/BACKLIGHT KEYBOARD-WIN 11PRO+BAG,"₦ 420,000",DELL,0 out of 5,,https://www.jumia.com.ng/dell-latitude-5400-touchscreen-intel-core-i5-256gb-ssd-16gb-rambacklight-keyboard-win-11probag-410252079.html,https://ng.jumia.is/unsafe/fit-in/300x300/filters:fill(white)/product/97/0252014/1.jpg?7151
Hp Stream 11 Laptop- Intel Celeron 128GB SSD 4GB RAM Windows 10 PRO +USB Light For Keyboard,"₦ 178,000",Hp,0 out of 5,,https://www.jumia.com.ng/hp-stream-11-laptop-intel-celeron-128gb-ssd-4gb-ram-windows-10-pro-usb-light-for-keyboard-417544667.html,https://ng.jumia.is/unsafe/fit-in/300x300/filters:fill(white)/product/76/6445714/1.jpg?5553
"Lenovo ThinkPad X1 Carbon Gen 12 14"" Intel Ultra 7 13th Gen I7-1365U 512GB SSD 32GB RAM","₦ 2,710,900",Lenovo,0 out of 5,,https://www.jumia.com.ng/lenovo-thinkpad-x1-carbon-gen-12-14-intel-ultra-7-13th-gen-i7-1365u-512gb-ssd-32gb-ram-382379601.html,https://ng.jumia.is/unsafe/fit-in/300x300/filters:fill(white)/product/10/6973283/1.jpg?1691
Hp EliteBook 840 G5 TOUCHSCREEN Intel Core I7-16GB RAM/1TB SSD/ Backlit Keyboard/Windows11 Pro+BAG,"₦ 650,000",Hp,4.5 out of 5,(25 verified ratings),https://www.jumia.com.ng/hp-elitebook-840-g5-touchscreen-intel-core-i7-16gb-ram1tb-ssd-backlit-keyboardwindows11-probag-230880245.html,https://ng.jumia.is/unsafe/fit-in/300x300/filters:fill(white)/product/54/2088032/1.jpg?7064
Hp Stream 11 Pro G5 Touchscreen Intel Celeron 128GB SSD 4GB DDR4 RAM Windows 10 Pro + Bag,"₦ 170,000",Hp,0 out of 5,,https://www.jumia.com.ng/hp-stream-11-pro-g5-touchscreen-intel-celeron-128gb-ssd-4gb-ddr4-ram-windows-10-pro-bag-407580081.html,https://ng.jumia.is/unsafe/fit-in/300x300/filters:fill(white)/product/18/0085704/1.jpg?9591
"Hp CHROMEBOOK 11 , INTEL CELERON, 4GB RAM,64GB EMMC + FLASH","₦ 130,000",Hp,2 out of 5,,https://www.jumia.com.ng/hp-chromebook-11-intel-celeron-4gb-ram64gb-emmc-flash-393190559.html,https://ng.jumia.is/unsafe/fit-in/300x300/filters:fill(white)/product/95/5091393/1.jpg?8965
Hp ProBook 11 X360- TOUCHSCREEN Intel Pentium 128GB SSD- 4GB RAM WINDOWS10 Pro,"₦ 190,000",Hp,0 out of 5,,https://www.jumia.com.ng/hp-probook-11-x360-touchscreen-intel-pentium-128gb-ssd-4gb-ram-windows10-pro-398123462.html,https://ng.jumia.is/unsafe/fit-in/300x300/filters:fill(white)/product/26/4321893/1.jpg?1348
"DELL  LATITUDE 3190 2in1 X360 INTEL PENTIUM, 8GB RAM,512GB SSD TOUCHSCREEN WIN11PRO pouch+mouse","₦ 255,000",DELL,0 out of 5,,https://www.jumia.com.ng/dell-latitude-3190-2in1-x360-intel-pentium-8gb-ram512gb-ssd-touchscreen-win11pro-pouchmouse-418528119.html,https://ng.jumia.is/unsafe/fit-in/300x300/filters:fill(white)/product/91/1825814/1.jpg?6602
"DELL Latitude 7480 Intel Core i7, Keyboard Backlit, 16GB RAM, 256GB SSD, Windows 11 + MOUSE","₦ 400,000",DELL,0 out of 5,,https://www.jumia.com.ng/dell-latitude-7480-intel-core-i7-keyboard-backlit-16gb-ram-256gb-ssd-windows-11-mouse-401882805.html,https://ng.jumia.is/unsafe/fit-in/300x300/filters:fill(white)/product/50/8288104/1.jpg?7129
DELL Latitude 7490 Intel Core I5 512GB SSD/16GB RAM  BACKLIGHT KEYBOARD-FP READER-WIN 11PRO+BAG,"₦ 430,000",DELL,3.5 out of 5,(4 verified ratings),https://www.jumia.com.ng/dell-latitude-7490-intel-core-i5-512gb-ssd16gb-ram-backlight-keyboard-fp-reader-win-11probag-310726293.html,https://ng.jumia.is/unsafe/fit-in/300x300/filters:fill(white)/product/39/2627013/1.jpg?2349
Hp ProBook 11 X360- Intel Pentium 256GB SSD-TOUCHSCREEN 8GB RAM Windows10 Pro + Laptop Pouch,"₦ 280,000",Hp,3.4 out of 5,(5 verified ratings),https://www.jumia.com.ng/hp-probook-11-x360-intel-pentium-256gb-ssd-touchscreen-8gb-ram-windows10-pro-laptop-pouch-115081725.html,https://ng.jumia.is/unsafe/fit-in/300x300/filters:fill(white)/product/52/7180511/1.jpg?0799
Hp  EliteBook 840 G5 TOUCHSCREEN Core I7-16GB RAM/1TB SSD/Backlit/FP Reader Windows 11 Pro + BAG,"₦ 700,000",Hp,2 out of 5,(4 verified ratings),https://www.jumia.com.ng/hp-elitebook-840-g5-touchscreen-core-i7-16gb-ram1tb-ssdbacklitfp-reader-windows-11-pro-bag-400887726.html,https://ng.jumia.is/unsafe/fit-in/300x300/filters:fill(white)/product/62/7788004/1.jpg?7268
"DELL Latitude 7480 Intel Core I5, Keyboard Backlit, 8GB RAM, 256GB SSD, Windows 11 + MOUSE","₦ 350,000",DELL,4 out of 5,(2 verified ratings),https://www.jumia.com.ng/latitude-3190-intel-celeron-64gb-ssd-4gb-wins-10-mouse-usb-light-dell-mpg10095148.html,https://ng.jumia.is/unsafe/fit-in/300x300/filters:fill(white)/product/48/7288104/1.jpg?5942
"DELL ALIENWARE M18 R2 GAMING 14TH GEN,CORE I9-14700HX,1TB SSD/32GB RAM, RTX 4070, (8GB) 18""QHD WIN 11","₦ 3,900,000",DELL,0 out of 5,,https://www.jumia.com.ng/dell-alienware-m18-r2-gaming-14th-gencore-i9-14700hx1tb-ssd32gb-ram-rtx-4070-8gb-18qhd-win-11-409882410.html,https://ng.jumia.is/unsafe/fit-in/300x300/filters:fill(white)/product/01/4288904/1.jpg?2273
Hp ELITEBOOK X360 830 G7 10th Gen TOUCHSCREEN Intel CORE I5-512GB SSD/16GB RAM/BACKLIGHT KEYBOARD/WIN11 PRO+BAG,"₦ 590,000",Hp,3.7 out of 5,(3 verified ratings),https://www.jumia.com.ng/hp-elitebook-x360-830-g7-10th-gen-touchscreen-intel-core-i5-512gb-ssd16gb-rambacklight-keyboardwin11-probag-412713308.html,https://ng.jumia.is/unsafe/fit-in/300x300/filters:fill(white)/product/80/3317214/1.jpg?2965
Lenovo Ideapad 15 Inch Intel® Celeron® 8GB RAM DDR4 - 256 SSD Windows 11 +USB LIGHT,"₦ 370,000",Lenovo,3.7 out of 5,(3 verified ratings),https://www.jumia.com.ng/lenovo-ideapad-15-inch-intelr-celeronr-8gb-ram-ddr4-256-ssd-windows-11-usb-light-308705309.html,https://ng.jumia.is/unsafe/fit-in/300x300/filters:fill(white)/product/90/3507803/1.jpg?5281
DELL  Latitude 3300 Intel Core I3 256GB SSD 8GB RAM Windows 10+mouse and flash,"₦ 450,000",DELL,0 out of 5,,https://www.jumia.com.ng/dell-latitude-3300-intel-core-i3-256gb-ssd-8gb-ram-windows-10mouse-and-flash-418500811.html,https://ng.jumia.is/unsafe/fit-in/300x300/filters:fill(white)/product/11/8005814/1.jpg?1843
Hp Stream 11 Pro- Intel Celeron - 4GB RAM - 64GB SSD Windows 10,"₦ 138,000",Hp,3.8 out of 5,(4 verified ratings),https://www.jumia.com.ng/hp-stream-11-pro-intel-celeron-4gb-ram-64gb-ssd-windows-10-272453020.html,https://ng.jumia.is/unsafe/fit-in/300x300/filters:fill(white)/product/02/0354272/1.jpg?0890
Hp  EliteBook 840 G6 Intel Core I5-16GB RAM/512GB SSD/Backlit Keyboard/FP Reader Wins 11 Pro Laptop+BAG,"₦ 505,000",Hp,5 out of 5,,https://www.jumia.com.ng/elitebook-840-g6-intel-core-i5-16gb-ram512gb-ssdbacklit-keyboardfp-reader-wins-11-pro-laptopbag-hp-mpg8878233.html,https://ng.jumia.is/unsafe/fit-in/300x300/filters:fill(white)/product/95/4560393/1.jpg?0245
Hp  EliteBook 840 G6 Intel Core I5-16GB RAM/1TB SSD/Backlit Keyboard/FP Reader Wins 11 Pro Laptop+BAG,"₦ 560,000",Hp,4.5 out of 5,(4 verified ratings),https://www.jumia.com.ng/hp-elitebook-840-g6-intel-core-i5-16gb-ram1tb-ssdbacklit-keyboardfp-reader-wins-11-pro-laptopbag-393031501.html,https://ng.jumia.is/unsafe/fit-in/300x300/filters:fill(white)/product/10/5130393/1.jpg?0575
Multifunctional Foldable  Laptop Table,"₦ 36,900",Generic,4.1 out of 5,(17 verified ratings),https://www.jumia.com.ng/generic-multifunctional-foldable-laptop-table-257964863.html,https://ng.jumia.is/unsafe/fit-in/300x300/filters:fill(white)/product/36/8469752/1.jpg?7515
DELL Latitude 3190 Celeron 128SSD 4GB RAM Wins 10 Pro,"₦ 175,000",DELL,4.5 out of 5,(2 verified ratings),https://www.jumia.com.ng/dell-latitude-3190-celeron-128ssd-4gb-ram-wins-10-pro-407545726.html,https://ng.jumia.is/unsafe/fit-in/300x300/filters:fill(white)/product/62/7545704/1.jpg?3969
"Asus TUF Gaming F15 FX507CA-HN072WIntel® Core™ I7, 512GB SSD, 16GB RAM 3050","₦ 1,600,000",Asus,0 out of 5,,https://www.jumia.com.ng/asus-tuf-gaming-f15-fx507ca-hn072wintelr-coretm-i7-512gb-ssd-16gb-ram-3050-411944601.html,https://ng.jumia.is/unsafe/fit-in/300x300/filters:fill(white)/product/10/6449114/1.jpg?0833
Hp EliteBook X360 TOUCH Intel Core i7- 16GB RAM/1TB SSD/Backlit Keyboard/FP Reader Wins 11 Pro +BAG,"₦ 850,000",Hp,5 out of 5,(2 verified ratings),https://www.jumia.com.ng/elitebook-x360-touch-intel-core-i7-16gb-ram1tb-ssdbacklit-keyboardfp-reader-wins-11-pro-bag-hp-mpg10212355.html,https://ng.jumia.is/unsafe/fit-in/300x300/filters:fill(white)/product/38/5648404/1.jpg?2167
Hp Stream 11 Laptop- Intel Celeron  64GB SSD 4GB RAM Windows 10 PRO +USB Light For Keyboard,"₦ 170,000",Hp,5 out of 5,,https://www.jumia.com.ng/hp-stream-11-laptop-intel-celeron-64gb-ssd-4gb-ram-windows-10-pro-usb-light-for-keyboard-382017927.html,https://ng.jumia.is/unsafe/fit-in/300x300/filters:fill(white)/product/72/9710283/1.jpg?2659
Hp ELITEBOOK X360 830 G7 10th Gen TOUCHSCREEN Intel CORE I5-512GB SSD/16GB RAM/BACKLIGHT KEYBOARD/WIN11 PRO+BAG,"₦ 610,000",Hp,3.5 out of 5,(4 verified ratings),https://www.jumia.com.ng/vostro-256gb-ssd-8gb-ram-intel-core-i5-8th-gen-keyboard-light-windows-11-laptopbag-dell-mpg4146887.html,https://ng.jumia.is/unsafe/fit-in/300x300/filters:fill(white)/product/81/6066262/1.jpg?8881
Hp Stream 11 Laptop- Intel Celeron - 64GB SSD 4GB RAM Windows 10 PRO HP +Mouse &USB Light For Keyboard,"₦ 140,000",Hp,0 out of 5,,https://www.jumia.com.ng/hp-stream-11-laptop-intel-celeron-64gb-ssd-4gb-ram-windows-10-pro-hp-mouse-usb-light-for-keyboard-269178075.html,https://ng.jumia.is/unsafe/fit-in/300x300/filters:fill(white)/product/57/0871962/1.jpg?0180
"Hp EliteBook 840 G6, Core I5, Touchscreen, Face ID  16GB RAM/512GB SSD/Backlit Keyboard/FP Reader Windows 11 Pro + Mouse","₦ 520,000",Hp,4.3 out of 5,(3 verified ratings),https://www.jumia.com.ng/hp-elitebook-840-g6-core-i5-touchscreen-face-id-16gb-ram512gb-ssdbacklit-keyboardfp-reader-windows-11-pro-mouse-408105358.html,https://ng.jumia.is/unsafe/fit-in/300x300/filters:fill(white)/product/85/3501804/1.jpg?5703
Hp ProBook 11 X360- TOUCH- 256GB SSD/4GB RAM +Mouse &USB Light,"₦ 219,000",Hp,4.4 out of 5,(9 verified ratings),https://www.jumia.com.ng/probook-11-x360-touch-256gb-ssd4gb-ram-mouse-usb-light-hp-mpg8820554.html,https://ng.jumia.is/unsafe/fit-in/300x300/filters:fill(white)/product/07/016124/1.jpg?5267
Hp EliteBook 845 G8 - Ryzen 5 Pro 5650U/AMD 2.3 - 16GB RAM/512GB SSD WIN 11 PRO+BAG,"₦ 500,000",Hp,4 out of 5,(3 verified ratings),https://www.jumia.com.ng/hp-elitebook-845-g8-ryzen-5-pro-5650uamd-2.3-16gb-ram512gb-ssd-win-11-probag-374138757.html,https://ng.jumia.is/unsafe/fit-in/300x300/filters:fill(white)/product/75/7831473/1.jpg?0734
Hp Elitebook 830 G7 Touch Screen Intel Core I7 512SSD/16GB RAM Win 11 Pro,"₦ 805,000",Hp,3.9 out of 5,(12 verified ratings),https://www.jumia.com.ng/hp-elitebook-830-g7-touch-screen-intel-core-i7-512ssd16gb-ram-win-11-pro-186352094.html,https://ng.jumia.is/unsafe/fit-in/300x300/filters:fill(white)/product/49/0253681/1.jpg?8916
Hp ProBook 11 X360 INTEL CELERON TOUCHSCREEN- 256GB SSD/4GB RAM,"₦ 210,000",Hp,0 out of 5,,https://www.jumia.com.ng/hp-probook-11-x360-intel-celeron-touchscreen-256gb-ssd4gb-ram-418214815.html,https://ng.jumia.is/unsafe/fit-in/300x300/filters:fill(white)/product/51/8412814/1.jpg?1804
Asus Vivobook Go 14 E410KA Intel Celeron DDR4 4GB 256GB M.2 NVMe™  14-Inch Windows 11,"₦ 299,990",Asus,0 out of 5,,https://www.jumia.com.ng/asus-vivobook-go-14-e410ka-intel-celeron-ddr4-4gb-256gb-m.2-nvmetm-14-inch-windows-11-412470680.html,https://ng.jumia.is/unsafe/fit-in/300x300/filters:fill(white)/product/08/6074214/1.jpg?1268
"DELL Latitude 3190 2in1 X360 INTEL PENTIUM, Touchscreen 512GB SSD 8GB WIN 11 Pro","₦ 268,000",DELL,0 out of 5,,https://www.jumia.com.ng/dell-latitude-3190-2in1-x360-intel-pentium-touchscreen-512gb-ssd-8gb-win-11-pro-400965593.html,https://ng.jumia.is/unsafe/fit-in/300x300/filters:fill(white)/product/39/5569004/1.jpg?3086
"DELL LATITUDE 3190 2in1 X360 INTEL PENTIUM, 4GB RAM,128GB SSD TOUCHSCREEN WIN 11 + Light","₦ 175,000",DELL,5 out of 5,,https://www.jumia.com.ng/latitude-3190-2in1-x360-intel-pentium-4gb-ram128gb-ssd-touchscreen-win-11-light-dell-mpg11169676.html,https://ng.jumia.is/unsafe/fit-in/300x300/filters:fill(white)/product/53/0972814/1.jpg?9823
Hp EliteBook 840 G6 Intel Core I5- 32GB RAM/1TB SSD/Backlit Keyboard/FP Reader Windows 11 Pro + BAG,"₦ 565,000",Hp,0 out of 5,,https://www.jumia.com.ng/hp-elitebook-840-g6-intel-core-i5-32gb-ram1tb-ssdbacklit-keyboardfp-reader-windows-11-pro-bag-348572146.html,https://ng.jumia.is/unsafe/fit-in/300x300/filters:fill(white)/product/64/1275843/1.jpg?0311
"DELL LATITUDE 3190, INTEL CELERON,4GB RAM,256GB SSD","₦ 179,000",DELL,0 out of 5,,https://www.jumia.com.ng/dell-latitude-3190-intel-celeron4gb-ram256gb-ssd-404699221.html,https://ng.jumia.is/unsafe/fit-in/300x300/filters:fill(white)/product/12/2996404/1.jpg?2246
Hp EliteBook 845 G7 - Ryzen 5 Pro 5650U/AMD 2.3 - 16GB RAM/512GB SSD WIN 11 PRO+BAG,"₦ 499,300",Hp,2.3 out of 5,(3 verified ratings),https://www.jumia.com.ng/notebook-348-g5-intel-core-i5-16gb-ram1tb-ssdbacklit-keyboard-windows-11-pro-bag-hp-mpg7508797.html,https://ng.jumia.is/unsafe/fit-in/300x300/filters:fill(white)/product/08/7113192/1.jpg?0443
Hp Stream 11 Intel Celeron 4GB RAM- 64GB HDD WIN 10+ USB LIGHT FOR KEYBOARD,"₦ 138,000",Hp,3.8 out of 5,(6 verified ratings),https://www.jumia.com.ng/stream-11-intel-celeron-4gb-ram-64gb-hdd-win-10-usb-light-for-keyboard-hp-mpg11344404.html,https://ng.jumia.is/unsafe/fit-in/300x300/filters:fill(white)/product/30/370307/1.jpg?0759
"Hp Stream 11 Mini Intel Celeron Dual Core,11.6Inches,(32GB SSD,4GB RAM+32GB Flash,Mouse,USB Light For Keyboard) Windows 10","₦ 140,000",Hp,3.6 out of 5,(5 verified ratings),https://www.jumia.com.ng/hp-stream-11-mini-intel-celeron-dual-core11.6inches32gb-ssd4gb-ram32gb-flashmouseusb-light-for-keyboard-windows-10-27913398.html,https://ng.jumia.is/unsafe/fit-in/300x300/filters:fill(white)/product/89/331972/1.jpg?4993
Hp 250 G7 Intel Celeron - 8GB RAM - 1TB HDD - Windows 10 With Bag,"₦ 300,000",Hp,0 out of 5,,https://www.jumia.com.ng/hp-250-g7-intel-celeron-8gb-ram-1tb-hdd-windows-10-with-bag-418068372.html,https://ng.jumia.is/unsafe/fit-in/300x300/filters:fill(white)/product/27/3860814/1.jpg?8124
Hp Chromebook 11 Celeron 4gb RAM 16gb Windows10,"₦ 115,000",Hp,0 out of 5,,https://www.jumia.com.ng/hp-chromebook-11-celeron-4gb-ram-16gb-windows10-373777899.html,https://ng.jumia.is/unsafe/fit-in/300x300/filters:fill(white)/product/99/8777373/1.jpg?2061
Hp EliteBook 840 G5 Intel Core I5-8GB RAM/512GB SSD/Backlit Keyboard/FP Reader Windows 11 Pro + BAG,"₦ 490,000",Hp,0 out of 5,,https://www.jumia.com.ng/elitebook-840-g5-intel-core-i5-8gb-ram512gb-ssdbacklit-keyboardfp-reader-windows-11-pro-bag-hp-mpg6914085.html,https://ng.jumia.is/unsafe/fit-in/300x300/filters:fill(white)/product/46/8954023/1.jpg?1837
Hp ELITEBOOK 830 G7 TOUCHSCREEN INTEL CORE I7 512SSD 16GB RAM BACKLIT KEYS FINGERPRINT WINS 11PRO+ Bag,"₦ 850,000",Hp,4 out of 5,(28 verified ratings),https://www.jumia.com.ng/hp-elitebook-830-g7-touchscreen-intel-core-i7-512ssd-16gb-ram-backlit-keys-fingerprint-wins-11pro-bag-319828265.html,https://ng.jumia.is/unsafe/fit-in/300x300/filters:fill(white)/product/56/2828913/1.jpg?1967
Hp EliteBook 840 G6 Intel Core I7- 16GB RAM/512GB SSD/Backlit Keyboard/FP Reader Windows 11 Pro + BAG,"₦ 670,000",Hp,4 out of 5,,https://www.jumia.com.ng/hp-elitebook-840-g6-intel-core-i7-16gb-ram512gb-ssdbacklit-keyboardfp-reader-windows-11-pro-bag-404340322.html,https://ng.jumia.is/unsafe/fit-in/300x300/filters:fill(white)/product/22/3043404/1.jpg?3396
Hp Stream 11 Laptop- Intel Celeron - 64GB SSD 4GB RAM Windows 10 PRO+ Mouse & USB Light For Keyboard,"₦ 145,000",Hp,0 out of 5,,https://www.jumia.com.ng/hp-stream-11-laptop-intel-celeron-64gb-ssd-4gb-ram-windows-10-pro-mouse-usb-light-for-keyboard-325508845.html,https://ng.jumia.is/unsafe/fit-in/300x300/filters:fill(white)/product/54/8805523/1.jpg?9569
"Hp 15 VICTUS GAMING, 12TH GEN INTEL CORE I5, 8GB RAM, 512GB SSD NVIDIA RTX 3050 (4GB) WINS 11","₦ 1,200,000",Hp,0 out of 5,,https://www.jumia.com.ng/hp-15-victus-gaming-12th-gen-intel-core-i5-8gb-ram-512gb-ssd-nvidia-rtx-3050-4gb-wins-11-268947404.html,https://ng.jumia.is/unsafe/fit-in/300x300/filters:fill(white)/product/40/4749862/1.jpg?9943
Asus VIVOBOOK PRO 15 INTEL CORE I5 UP TO 4.4GHZ 8GB RAM 512GB SSD NVIDIA 1650 (4GB) WINDOWS 11,"₦ 890,000",Asus,5 out of 5,,https://www.jumia.com.ng/asus-vivobook-pro-15-intel-core-i5-up-to-4.4ghz-8gb-ram-512gb-ssd-nvidia-1650-4gb-windows-11-401556723.html,https://ng.jumia.is/unsafe/fit-in/300x300/filters:fill(white)/product/32/7655104/1.jpg?7523
"Asus VIVOBOOK 14 INTEL CELERON N4020 4GB RAM 512GB SSD 14"" HD WINS 11","₦ 330,500",Asus,0 out of 5,,https://www.jumia.com.ng/vivobook-14-intel-celeron-n4020-4gb-ram-512gb-ssd-14-hd-wins-11-asus-mpg5513321.html,https://ng.jumia.is/unsafe/fit-in/300x300/filters:fill(white)/product/61/4673483/1.jpg?2601
Hp Stream 11 Pro G5 Touchscreen Intel Celeron 128GB SSD 4GB DDR4 RAM Windows 10 Pro + Bag,"₦ 169,000",Hp,3 out of 5,,https://www.jumia.com.ng/hp-stream-11-pro-g5-touchscreen-intel-celeron-128gb-ssd-4gb-ddr4-ram-windows-10-pro-bag-407577831.html,https://ng.jumia.is/unsafe/fit-in/300x300/filters:fill(white)/product/13/8775704/1.jpg?9609
Hp Stream 11 Laptop- Intel Celeron - 64GB SSD 4GB RAM Win 10 P,"₦ 141,000",Hp,5 out of 5,,https://www.jumia.com.ng/stream-11-laptop-intel-celeron-64gb-ssd-4gb-ram-win-10-p-hp-mpg6939637.html,https://ng.jumia.is/unsafe/fit-in/300x300/filters:fill(white)/product/18/6259292/1.jpg?5086
Hp  EliteBook 840 G6 Intel Core I5-8GB RAM/512GB SSD/Backlit Keyboard/FP Reader Wins 11 Pro Laptop+BAG,"₦ 485,000",Hp,4.5 out of 5,(2 verified ratings),https://www.jumia.com.ng/hp-elitebook-840-g6-intel-core-i5-8gb-ram512gb-ssdbacklit-keyboardfp-reader-wins-11-pro-laptopbag-393059791.html,https://ng.jumia.is/unsafe/fit-in/300x300/filters:fill(white)/product/19/7950393/1.jpg?9232
"Hp  Latitude 3340 Intel Core I3 8GB RAM, 500GB HDD Windows 10 +mouse &flash","₦ 273,000",Hp,0 out of 5,,https://www.jumia.com.ng/hp-latitude-3340-intel-core-i3-8gb-ram-500gb-hdd-windows-10-mouse-flash-418500760.html,https://ng.jumia.is/unsafe/fit-in/300x300/filters:fill(white)/product/06/7005814/1.jpg?0343
Hp ELITEBOOK X360 1030 G3 8TH GEN CORE I5 8GB RAM/ 256GB SSD BACKLIT KEYBOARD FP READER WIN 11 PRO,"₦ 570,000",Hp,0 out of 5,,https://www.jumia.com.ng/hp-elitebook-x360-1030-g3-8th-gen-core-i5-8gb-ram-256gb-ssd-backlit-keyboard-fp-reader-win-11-pro-411735259.html,https://ng.jumia.is/unsafe/fit-in/300x300/filters:fill(white)/product/95/2537114/1.jpg?8364
Hp EliteBook G6 Laptop- Intel Core I7- TOUCHSCREEN -32GB RAM/1TB SSD/Backlit Keyboard/FP Reader Windows 11 Pro+ BAG,"₦ 790,000",Hp,0 out of 5,,https://www.jumia.com.ng/hp-elitebook-g6-laptop-intel-core-i7-touchscreen-32gb-ram1tb-ssdbacklit-keyboardfp-reader-windows-11-pro-bag-412091289.html,https://ng.jumia.is/unsafe/fit-in/300x300/filters:fill(white)/product/98/2190214/1.jpg?6334
"DELL Latitude 7480 Intel Core I5, Keyboard Backlit, 8GB RAM, 256GB SSD, Windows 11 + MOUSE","₦ 450,000",DELL,4 out of 5,,https://www.jumia.com.ng/dell-latitude-7480-intel-core-i5-keyboard-backlit-8gb-ram-256gb-ssd-windows-11-mouse-407811347.html,https://ng.jumia.is/unsafe/fit-in/300x300/filters:fill(white)/product/74/3118704/1.jpg?5171
Hp  EliteBook 840 G5 TOUCHSCREEN Core I7-16GB RAM/1TB SSD/Backlit Keyboard/FP Reader WIN 11 Pro+BAG,"₦ 710,000",Hp,0 out of 5,,https://www.jumia.com.ng/hp-elitebook-840-g5-touchscreen-core-i7-16gb-ram1tb-ssdbacklit-keyboardfp-reader-win-11-probag-418288718.html,https://ng.jumia.is/unsafe/fit-in/300x300/filters:fill(white)/product/81/7882814/1.jpg?8383
Hp EliteBook 840 G6 Intel Core I7-32GB RAM/1TB SSD/Backlit/FP Reader Windows 11 Pro + BAG,"₦ 740,000",Hp,4.5 out of 5,(2 verified ratings),https://www.jumia.com.ng/elitebook-840-g6-intel-core-i7-32gb-ram1tb-ssdbacklitfp-reader-windows-11-pro-bag-hp-mpg9620181.html,https://ng.jumia.is/unsafe/fit-in/300x300/filters:fill(white)/product/41/9786104/1.jpg?2223
Hp ProBook 11 X360- TOUCH- 512GB SSD/4GB RAM-Intel CELE Q W10 P,"₦ 250,000",Hp,0 out of 5,,https://www.jumia.com.ng/probook-11-x360-touch-512gb-ssd4gb-ram-intel-cele-q-w10-p-hp-mpg6915649.html,https://ng.jumia.is/unsafe/fit-in/300x300/filters:fill(white)/product/45/1484792/1.jpg?6298
Hp ProBook 11 X360- Intel CORE i5- TOUCHSCREEN- 512GB SSD/8GB RAM- Windows 10 Pro,"₦ 370,000",Hp,0 out of 5,,https://www.jumia.com.ng/hp-probook-11-x360-intel-core-i5-touchscreen-512gb-ssd8gb-ram-windows-10-pro-408223949.html,https://ng.jumia.is/unsafe/fit-in/300x300/filters:fill(white)/product/94/9322804/1.jpg?2859
"Hp CHROMEBOOK 11 G4, INTEL CELERON, 4GB RAM,64GB EMMC + FLASH","₦ 125,000",Hp,0 out of 5,,https://www.jumia.com.ng/hp-chromebook-11-g4-intel-celeron-4gb-ram64gb-emmc-flash-201671370.html,https://ng.jumia.is/unsafe/fit-in/300x300/filters:fill(white)/product/07/3176102/1.jpg?9837
"DELL LATITUDE 3190 2in1 X360 INTEL PENTIUM, 8GB RAM,128GB SSD TOUCHSCREEN WIN11PRO+pouch mouse","₦ 212,500",DELL,0 out of 5,,https://www.jumia.com.ng/dell-latitude-3190-2in1-x360-intel-pentium-8gb-ram128gb-ssd-touchscreen-win11propouch-mouse-418528069.html,https://ng.jumia.is/unsafe/fit-in/300x300/filters:fill(white)/product/96/0825814/1.jpg?5822
DELL Latitude 7400 TOUCHSCREEN Intel Core I7-1TB SSD/16GB RAM BACKLIGHT KEYBOARD/WIN 11 PRO+ BAG,"₦ 590,000",DELL,0 out of 5,,https://www.jumia.com.ng/latitude-7400-touchscreen-intel-core-i7-1tb-ssd16gb-ram-backlight-keyboardwin-11-pro-bag-dell-mpg11043307.html,https://ng.jumia.is/unsafe/fit-in/300x300/filters:fill(white)/product/05/5242814/1.jpg?7684
Hp EliteBook 840 G6 TOUCHSCREEN Intel Core I5-16GB RAM/512GB SSD/ Backlit Keyboard/Windows11 Pro+BAG,"₦ 505,000",Hp,3.9 out of 5,(13 verified ratings),https://www.jumia.com.ng/elitebook-840-g5-intel-core-i5-12gb-ram256gb-ssdbacklit-keyboardfp-reader-windows-11-pro-bag-hp-mpg4091531.html,https://ng.jumia.is/unsafe/fit-in/300x300/filters:fill(white)/product/72/3758032/1.jpg?0040
Hp EliteBook X360 TOUCH Intel Core I5-16GB RAM/1TB SSD/Backlit Keyboard/FP Reader Wins 11 Pro +BAG61,"₦ 640,000",Hp,0 out of 5,,https://www.jumia.com.ng/elitebook-x360-touch-intel-core-i5-16gb-ram1tb-ssdbacklit-keyboardfp-reader-wins-11-pro-bag61-hp-mpg10641266.html,https://ng.jumia.is/unsafe/fit-in/300x300/filters:fill(white)/product/45/7250314/1.jpg?4675
DELL Latitude 7490 Intel Core I5- 16GB RAM/512GB SSD BACKLIGHT KEYBOARD/WIN 11 PRO+BAG,"₦ 430,000",DELL,4.3 out of 5,(4 verified ratings),https://www.jumia.com.ng/latitude-7490-intel-core-i5-16gb-ram512gb-ssd-backlight-keyboardwin-11-probag-dell-mpg7621678.html,https://ng.jumia.is/unsafe/fit-in/300x300/filters:fill(white)/product/01/6917963/1.jpg?5046
Hp eam 11 Laptop- Intel Celeron - 64GB SSD 4GB RAM Windows 10 PRO+ Mouse & USB Light For Keyboard,"₦ 145,000",Hp,0 out of 5,,https://www.jumia.com.ng/hp-eam-11-laptop-intel-celeron-64gb-ssd-4gb-ram-windows-10-pro-mouse-usb-light-for-keyboard-335284227.html,https://ng.jumia.is/unsafe/fit-in/300x300/filters:fill(white)/product/72/2482533/1.jpg?8948
"Hp CHROMEBOOK 11 , INTEL CELERON, 4GB RAM,16GB EMMC + FLASH","₦ 105,000",Hp,0 out of 5,,https://www.jumia.com.ng/hp-chromebook-11-intel-celeron-4gb-ram16gb-emmc-flash-404631215.html,https://ng.jumia.is/unsafe/fit-in/300x300/filters:fill(white)/product/51/2136404/1.jpg?0596
DELL Latitude 3340 Intel Core I5 Touchscreen 500GB HDD 8GB RAM Windows 10 Pro,"₦ 350,000",DELL,0 out of 5,,https://www.jumia.com.ng/latitude-3340-intel-core-i5-500gb-hdd-8gb-ram-windows-10-pro-dell-mpg9895113.html,https://ng.jumia.is/unsafe/fit-in/300x300/filters:fill(white)/product/66/7167204/1.jpg?1134
"Hp DELL Latitude 3350 Intel Core I3 8GB RAM, 500GB HDD Windows 10pro + Keyboard Flash Light","₦ 350,500",Hp,4 out of 5,(2 verified ratings),https://www.jumia.com.ng/hp-dell-latitude-3350-intel-core-i3-8gb-ram-500gb-hdd-windows-10pro-keyboard-flash-light-257499587.html,https://ng.jumia.is/unsafe/fit-in/300x300/filters:fill(white)/product/78/5994752/1.jpg?8224
Hp EliteBook 845 -AMD RYZEN 5-Upto 4.5GHz-16GB RAM/512GB SSD/AMD Radeon Graphics -WIN 11 PRO+BAG,"₦ 505,000",Hp,5 out of 5,,https://www.jumia.com.ng/probook-11-x360-intel-core-i5-touch-512gb-ssd8gb-ram-windows-11-64gb-flash-bag-hp-mpg9632945.html,https://ng.jumia.is/unsafe/fit-in/300x300/filters:fill(white)/product/17/3944004/1.jpg?8274
Hp ProBook 11 X360- TOUCH- 512GB SSD/4GB RAM-Intel CELERON QUAD CORE WIN10 Pro +Mouse &USB Light,"₦ 250,000",Hp,3.5 out of 5,(2 verified ratings),https://www.jumia.com.ng/hp-probook-11-x360-touch-512gb-ssd4gb-ram-intel-celeron-quad-core-win10-pro-mouse-usb-light-330440728.html,https://ng.jumia.is/unsafe/fit-in/300x300/filters:fill(white)/product/82/7044033/1.jpg?5136
"Apple MacBook Pro 14"" Laptop - M3 Pro Chip - 18GB  - 14-core GPU - 512 SSD - Space Black/2023","₦ 2,750,000",Apple,5 out of 5,(5 verified ratings),https://www.jumia.com.ng/macbook-pro-14-laptop-m3-pro-chip-18gb-14-core-gpu-512-ssd-space-black2023-apple-mpg4091125.html,https://ng.jumia.is/unsafe/fit-in/300x300/filters:fill(white)/product/91/2178772/1.jpg?1191
Hp EliteBook X360 TOUCH Intel Core I5- 16GB RAM/512GB SSD/Backlit Keyboard/FP Reader Wins 11 Pro +BAG,"₦ 600,000",Hp,4 out of 5,,https://www.jumia.com.ng/hp-elitebook-x360-touch-intel-core-i5-16gb-ram512gb-ssdbacklit-keyboardfp-reader-wins-11-pro-bag-404928665.html,https://ng.jumia.is/unsafe/fit-in/300x300/filters:fill(white)/product/56/6829404/1.jpg?9965
Hp  EliteBook 845 G8 - Ryzen 5 Pro 5650U/AMD 2.3 - 16GB RAM/512GB SSD WIN 11 PRO+BAG,"₦ 510,000",Hp,0 out of 5,,https://www.jumia.com.ng/hp-elitebook-845-g8-ryzen-5-pro-5650uamd-2.3-16gb-ram512gb-ssd-win-11-probag-399987912.html,https://ng.jumia.is/unsafe/fit-in/300x300/filters:fill(white)/product/21/9789993/1.jpg?6621
Hp Chromebook 11 Celeron 4gb RAM 16gb Windows10+mouse,"₦ 115,000",Hp,0 out of 5,,https://www.jumia.com.ng/hp-chromebook-11-celeron-4gb-ram-16gb-windows10mouse-373777858.html,https://ng.jumia.is/unsafe/fit-in/300x300/filters:fill(white)/product/85/8777373/1.jpg?9028
Hp Stream 11 Intel Celeron 2GB RAM- 32GB HDD WIN 10,"₦ 120,000",Hp,0 out of 5,,https://www.jumia.com.ng/hp-stream-11-intel-celeron-2gb-ram-32gb-hdd-win-10-408479197.html,https://ng.jumia.is/unsafe/fit-in/300x300/filters:fill(white)/product/79/1974804/1.jpg?3250
Hp  EliteBook 840 G6 Intel Core I5-16GB RAM/1TB SSD/Backlit Keyboard/FP Reader Wins 11 Pro Laptop +BAG,"₦ 560,000",Hp,3.7 out of 5,(3 verified ratings),https://www.jumia.com.ng/hp-elitebook-840-g6-intel-core-i5-16gb-ram1tb-ssdbacklit-keyboardfp-reader-wins-11-pro-laptop-bag-392852139.html,https://ng.jumia.is/unsafe/fit-in/300x300/filters:fill(white)/product/93/1258293/1.jpg?6911
Hp Stream 11 Pro- Intel Celeron - 4GB RAM - 64GB SSD Windows 10,"₦ 138,000",Hp,4.1 out of 5,(10 verified ratings),https://www.jumia.com.ng/elitebook-840-g6-intel-core-i5-16gb-ram1tb-ssdbacklit-keyboardfp-reader-windows-11-promouse-hp-mpg7942247.html,https://ng.jumia.is/unsafe/fit-in/300x300/filters:fill(white)/product/71/8435352/1.jpg?1852
Hp EliteBook 840 G6 Intel Core I5-16GB RAM/1TB SSD/Backlit Keyboard/FP Reader Wins 11 Pro Laptop +BAG,"₦ 560,000",Hp,4.4 out of 5,(5 verified ratings),https://www.jumia.com.ng/elitebook-840-g6-intel-core-i5-16gb-ram1tb-ssdbacklit-keyboardfp-reader-wins-11-pro-laptop-bag-hp-mpg7112769.html,https://ng.jumia.is/unsafe/fit-in/300x300/filters:fill(white)/product/68/4246843/1.jpg?0168
Hp  Elitebook X2 Intel Core I5 256GB SSD/8GB RAM/Backlit-Keypad - TouchScreen- Windows 10 PRO+ PEN,"₦ 500,000",Hp,4 out of 5,,https://www.jumia.com.ng/hp-elitebook-x2-intel-core-i5-256gb-ssd8gb-rambacklit-keypad-touchscreen-windows-10-pro-pen-350818432.html,https://ng.jumia.is/unsafe/fit-in/300x300/filters:fill(white)/product/23/4818053/1.jpg?6380
"DELL LATITUDE 3190 2in1 X360 INTEL PENTIUM, 8GB RAM,512GB SSD TOUCHSCREEN WIN 11 + Light","₦ 270,000",DELL,5 out of 5,,https://www.jumia.com.ng/dell-latitude-3190-2in1-x360-intel-pentium-8gb-ram512gb-ssd-touchscreen-win-11-light-414875524.html,https://ng.jumia.is/unsafe/fit-in/300x300/filters:fill(white)/product/42/5578414/1.jpg?4851
Hp ProBook 11 X360- TOUCH- 512GB SSD/4GB RAM-Intel CELERON QUAD CORE WIN10 Pro +Mouse &USB Light,"₦ 275,000",Hp,4.4 out of 5,(13 verified ratings),https://www.jumia.com.ng/hp-probook-11-x360-touch-512gb-ssd4gb-ram-intel-celeron-quad-core-win10-pro-mouse-usb-light-392837094.html,https://ng.jumia.is/unsafe/fit-in/300x300/filters:fill(white)/product/49/0738293/1.jpg?8003
Hp EliteBook 830 G5 Intel Core i5-16GB RAM/256GB SSD/Backlit/ TOUCHSCREEN- FP Reader Wins 11 Pro,"₦ 460,000",Hp,4 out of 5,,https://www.jumia.com.ng/hp-elitebook-830-g5-intel-core-i5-16gb-ram256gb-ssdbacklit-touchscreen-fp-reader-wins-11-pro-407616969.html,https://ng.jumia.is/unsafe/fit-in/300x300/filters:fill(white)/product/96/9616704/1.jpg?6728
DELL Latitude 5400 Intel Core I5- 512GB SSD/16GB RAM-BACKLIGHT KEYBOARD-WIN 11PRO+BAG,"₦ 370,000",DELL,0 out of 5,,https://www.jumia.com.ng/dell-latitude-5400-intel-core-i5-512gb-ssd16gb-ram-backlight-keyboard-win-11probag-412850099.html,https://ng.jumia.is/unsafe/fit-in/300x300/filters:fill(white)/product/99/0058214/1.jpg?9301
Hp ProBook 11 X360- Intel Pentium 256GB SSD-TOUCHSCREEN 8GB RAM Windows 10 Pro BLUE + LAPTOP STAND & USB LIGHT FOR KEYBOARD,"₦ 275,000",Hp,0 out of 5,,https://www.jumia.com.ng/hp-probook-11-x360-intel-pentium-256gb-ssd-touchscreen-8gb-ram-windows-10-pro-blue-laptop-stand-usb-light-for-keyboard-415940684.html,https://ng.jumia.is/unsafe/fit-in/300x300/filters:fill(white)/product/48/6049514/1.jpg?7143
Hp Stream 11 Pro- Intel Celeron - 4GB RAM - 64GB SSD Windows 10 Pro+ Mouse & USB LIGHT FOR Keyboard,"₦ 140,000",Hp,5 out of 5,,https://www.jumia.com.ng/stream-11-pro-intel-celeron-4gb-ram-64gb-ssd-windows-10-pro-mouse-usb-light-for-keyboard-hp-mpg7237822.html,https://ng.jumia.is/unsafe/fit-in/300x300/filters:fill(white)/product/09/524382/1.jpg?9740
DELL LATITUDE LAPTOP- INTEL CELERON -4GB RAM - 128GB SSD- Windows 10 +Mouse& USB Light For Keyboard,"₦ 145,000",DELL,0 out of 5,,https://www.jumia.com.ng/dell-latitude-laptop-intel-celeron-4gb-ram-128gb-ssd-windows-10-mouse-usb-light-for-keyboard-418536191.html,https://ng.jumia.is/unsafe/fit-in/300x300/filters:fill(white)/product/19/1635814/1.jpg?3803
"Hp Envy 15 X360 Touchscreen-13th Gen Intel Core I7, 16GB RAM,1TB SSD, Backlit Keyboard, Wins 11","₦ 1,750,000",Hp,0 out of 5,,https://www.jumia.com.ng/hp-envy-15-x360-touchscreen-13th-gen-intel-core-i7-16gb-ram1tb-ssd-backlit-keyboard-wins-11-206542613.html,https://ng.jumia.is/unsafe/fit-in/300x300/filters:fill(white)/product/31/6245602/1.jpg?0142
Hp EliteBook 845 -AMD RYZEN 5-Upto 4.5GHz-16GB RAM/512GB SSD/AMD Radeon Graphics -WIN 11 PRO+BAG,"₦ 505,000",Hp,4 out of 5,(4 verified ratings),https://www.jumia.com.ng/hp-elitebook-845-amd-ryzen-5-upto-4.5ghz-16gb-ram512gb-ssdamd-radeon-graphics-win-11-probag-351282386.html,https://ng.jumia.is/unsafe/fit-in/300x300/filters:fill(white)/product/68/3282153/1.jpg?6689
"Msi Crosshair 16HX D14VGKG-057US  Intel core i7, 14TH Generation, 1TB, 16”, 16GB DDR5 RAM, RTX 4070, Windows 11 Home","₦ 2,600,000",Msi,0 out of 5,,https://www.jumia.com.ng/msi-crosshair-16hx-d14vgkg-057us-intel-core-i7-14th-generation-1tb-16-16gb-ddr5-ram-rtx-4070-windows-11-home-415147590.html,https://ng.jumia.is/unsafe/fit-in/300x300/filters:fill(white)/product/09/5741514/1.jpg?0230
"DELL Latitude 3190 2in1 TOUCHSCREEN, INTEL PENTIUM 256GB SSD 8GB WIN 10","₦ 350,000",DELL,3.2 out of 5,(6 verified ratings),https://www.jumia.com.ng/dell-latitude-3190-2in1-touchscreen-intel-pentium-256gb-ssd-8gb-win-10-272807227.html,https://ng.jumia.is/unsafe/fit-in/300x300/filters:fill(white)/product/72/2708272/1.jpg?5886
Hp 15 Touchscreen 12th Gen Intel Core I7 8GB RAM/512GB SSD Intel Iris XE Win 11,"₦ 1,290,900",Hp,5 out of 5,,https://www.jumia.com.ng/15-12th-gen-intel-core-i7-8gb-ram-512gb-ssd-touchbacklit-keyboard-wins-11-hp-mpg2159960.html,https://ng.jumia.is/unsafe/fit-in/300x300/filters:fill(white)/product/48/7234832/1.jpg?9153
"Hp 14 INTEL PENTIUM N6000 8GB RAM 512GB SSD 14"" HD INTEL UHD WINS 11","₦ 475,000",Hp,0 out of 5,,https://www.jumia.com.ng/14-intel-pentium-n6000-8gb-ram-512gb-ssd-14-hd-intel-uhd-wins-11-hp-mpg9620396.html,https://ng.jumia.is/unsafe/fit-in/300x300/filters:fill(white)/product/81/0576104/1.jpg?0287
"DELL  Latitude 7480 Intel Core I5, Keyboard Backlit, 16GB RAM, 512GB SSD, Windows 11 + MOUSE","₦ 450,000",DELL,0 out of 5,,https://www.jumia.com.ng/dell-latitude-7480-intel-core-i5-keyboard-backlit-16gb-ram-512gb-ssd-windows-11-mouse-418498774.html,https://ng.jumia.is/unsafe/fit-in/300x300/filters:fill(white)/product/47/7894814/1.jpg?4393
DELL  Latitude 5300 TOUCHSCREEN  Core i5 -512GB SSD/16GB RAM Keyboard BACKLIT /WIN 11+ BAG,"₦ 440,000",DELL,4.5 out of 5,(11 verified ratings),https://www.jumia.com.ng/dell-latitude-5300-touchscreen-core-i5-512gb-ssd16gb-ram-keyboard-backlit-win-11-bag-230116948.html,https://ng.jumia.is/unsafe/fit-in/300x300/filters:fill(white)/product/84/9611032/1.jpg?9672
"Hp ProBook 11 X360- TOUCH Intel Celeron 256GB SSD, 4GB RAM+MOUSE","₦ 205,000",Hp,0 out of 5,,https://www.jumia.com.ng/hp-probook-11-x360-touch-intel-celeron-256gb-ssd-4gb-rammouse-418214770.html,https://ng.jumia.is/unsafe/fit-in/300x300/filters:fill(white)/product/07/7412814/1.jpg?1323
Hp  EliteBook 840 G5 TOUCHSCREEN Core I7-32GB RAM/512GB SSD/Backlit Keyboard/FP Reader WIN 11 Pro+BAG,"₦ 630,000",Hp,0 out of 5,,https://www.jumia.com.ng/elitebook-840-g5-touchscreen-core-i7-32gb-ram512gb-ssdbacklit-keyboardfp-reader-win-11-probag-hp-mpg11252416.html,https://ng.jumia.is/unsafe/fit-in/300x300/filters:fill(white)/product/45/7225814/1.jpg?6703
"Asus VIVOBOOK 14  E410M  INTEL CELERON N4020 4GB RAM 512GB SSD 14"" HD WINS 11","₦ 355,000",Asus,0 out of 5,,https://www.jumia.com.ng/asus-vivobook-14-e410m-intel-celeron-n4020-4gb-ram-512gb-ssd-14-hd-wins-11-401867682.html,https://ng.jumia.is/unsafe/fit-in/300x300/filters:fill(white)/product/28/6768104/1.jpg?8387
